{"cameraMode":{"drawMode":0,"name":"Shaded","section":"Shading Mode"},"sceneLighting":true,"audioPlay":false,"sceneViewState":{"m_AlwaysRefresh":false,"showFog":true,"showSkybox":true,"showFlares":true,"showImageEffects":true,"showParticleSystems":true,"showVisualEffectGraphs":true,"m_FxEnabled":true},"in2DMode":false,"pivot":{"x":0.2942672669887543,"y":-1.8203314542770386,"z":4.9694414138793949},"rotation":{"x":-0.23683984577655793,"y":0.0034980850759893657,"z":-0.0008463638368993998,"w":-0.9715588092803955},"size":4.2065277099609379,"orthographic":false}